{
  "backup_date": "2025-11-22T11:33:29.477Z",
  "customers_count": 3357,
  "orders_count": 12854,
  "total_revenue": 9269919.529999996,
  "total_paid": 5310140.839999988,
  "total_outstanding": 3959778.690000081,
  "average_order_value": 721.1700272288779
}